ref_area.label,country,indicator.label,time,obs_value
Afghanistan,AF,Trade union density rate (%),2019,16.77
Afghanistan,AF,Trade union density rate (%),2012,9.36
Albania,AL,Trade union density rate (%),2017,36.85
Albania,AL,Trade union density rate (%),2013,48.7
Albania,AL,Trade union density rate (%),2012,48.2
Albania,AL,Trade union density rate (%),2011,49.9
Argentina,AR,Trade union density rate (%),2014,27.7
Argentina,AR,Trade union density rate (%),2013,30.4
Argentina,AR,Trade union density rate (%),2012,30
Argentina,AR,Trade union density rate (%),2011,31.8
Argentina,AR,Trade union density rate (%),2010,30.1
Argentina,AR,Trade union density rate (%),2009,31.86
Argentina,AR,Trade union density rate (%),2008,32.48
Argentina,AR,Trade union density rate (%),2007,33.1
Argentina,AR,Trade union density rate (%),2006,33.72
Argentina,AR,Trade union density rate (%),2005,34.34
Argentina,AR,Trade union density rate (%),2004,34.63611111
Argentina,AR,Trade union density rate (%),2003,35.16777778
Argentina,AR,Trade union density rate (%),2002,35.69944444
Argentina,AR,Trade union density rate (%),2001,36.23111111
Argentina,AR,Trade union density rate (%),2000,36.76277778
Argentina,AR,Trade union density rate (%),1999,37.29444444
Argentina,AR,Trade union density rate (%),1998,37.82611111
Armenia,AM,Trade union density rate (%),2019,20.55
Armenia,AM,Trade union density rate (%),2018,23.4
Armenia,AM,Trade union density rate (%),2017,22.68
Armenia,AM,Trade union density rate (%),2016,23.19
Armenia,AM,Trade union density rate (%),2015,24.8
Armenia,AM,Trade union density rate (%),2014,23.78
Armenia,AM,Trade union density rate (%),2013,33.9
Armenia,AM,Trade union density rate (%),2012,35.2
Armenia,AM,Trade union density rate (%),2011,36.6
Armenia,AM,Trade union density rate (%),2010,35.8
Australia,AU,Trade union density rate (%),2018,13.66
Australia,AU,Trade union density rate (%),2016,14.56
Australia,AU,Trade union density rate (%),2015,16.63
Australia,AU,Trade union density rate (%),2014,16.35
Australia,AU,Trade union density rate (%),2013,18.22
Australia,AU,Trade union density rate (%),2012,19.57
Australia,AU,Trade union density rate (%),2011,19.72
Australia,AU,Trade union density rate (%),2010,19.69
Austria,AT,Trade union density rate (%),2019,26.24
Austria,AT,Trade union density rate (%),2018,26.3
Austria,AT,Trade union density rate (%),2017,26.65
Austria,AT,Trade union density rate (%),2016,26.9
Austria,AT,Trade union density rate (%),2015,27.35
Austria,AT,Trade union density rate (%),2014,27.72
Austria,AT,Trade union density rate (%),2013,27.76
Austria,AT,Trade union density rate (%),2012,27.96
Austria,AT,Trade union density rate (%),2011,28.31
Austria,AT,Trade union density rate (%),2010,28.86
Burundi,BI,Trade union density rate (%),2014,5.61
Belgium,BE,Trade union density rate (%),2019,49.08
Belgium,BE,Trade union density rate (%),2018,49.96
Belgium,BE,Trade union density rate (%),2017,50.72
Belgium,BE,Trade union density rate (%),2016,51.58
Belgium,BE,Trade union density rate (%),2015,52.27
Belgium,BE,Trade union density rate (%),2014,52.72
Belgium,BE,Trade union density rate (%),2013,53.03
Belgium,BE,Trade union density rate (%),2012,53.75
Belgium,BE,Trade union density rate (%),2011,54.04
Belgium,BE,Trade union density rate (%),2010,52.7
Burkina Faso,BF,Trade union density rate (%),2018,9.81
Burkina Faso,BF,Trade union density rate (%),2014,7.8
Bangladesh,BD,Trade union density rate (%),2018,11.9
Bangladesh,BD,Trade union density rate (%),2012,10.07
Bangladesh,BD,Trade union density rate (%),2010,11.29
Bulgaria,BG,Trade union density rate (%),2016,13.7
Bulgaria,BG,Trade union density rate (%),2015,13.6
Bulgaria,BG,Trade union density rate (%),2014,13.9
Bulgaria,BG,Trade union density rate (%),2013,14
Bulgaria,BG,Trade union density rate (%),2012,11.4
Bulgaria,BG,Trade union density rate (%),2011,13.9
Bosnia and Herzegovina,BA,Trade union density rate (%),2012,30
Belize,BZ,Trade union density rate (%),2019,7.43
Belize,BZ,Trade union density rate (%),2012,9.09
Belize,BZ,Trade union density rate (%),2011,9.52
Bermuda,BM,Trade union density rate (%),2018,21.9
Bermuda,BM,Trade union density rate (%),2012,24.66
Bermuda,BM,Trade union density rate (%),2011,23.55
Bermuda,BM,Trade union density rate (%),2010,23.29
Bolivia,BO,Trade union density rate (%),2019,12.05
Bolivia,BO,Trade union density rate (%),2018,11.83
Bolivia,BO,Trade union density rate (%),2017,11.32
Bolivia,BO,Trade union density rate (%),2016,13.33
Bolivia,BO,Trade union density rate (%),2015,11.41
Bolivia,BO,Trade union density rate (%),2014,14.97
Bolivia,BO,Trade union density rate (%),2013,19.07
Bolivia,BO,Trade union density rate (%),2012,18.71
Bolivia,BO,Trade union density rate (%),2011,22.42
Brazil,BR,Trade union density rate (%),2019,13.03
Brazil,BR,Trade union density rate (%),2018,14.58
Brazil,BR,Trade union density rate (%),2017,16.81
Brazil,BR,Trade union density rate (%),2016,16.9
Brazil,BR,Trade union density rate (%),2015,17.92
Brazil,BR,Trade union density rate (%),2014,17.78
Brazil,BR,Trade union density rate (%),2013,17.84
Brazil,BR,Trade union density rate (%),2012,17.72
Brazil,BR,Trade union density rate (%),2011,18.48
Botswana,BW,Trade union density rate (%),2020,29.96
Botswana,BW,Trade union density rate (%),2019,29.36
Botswana,BW,Trade union density rate (%),2018,29.11
Botswana,BW,Trade union density rate (%),2017,28.06
Botswana,BW,Trade union density rate (%),2016,29
Canada,CA,Trade union density rate (%),2020,29.39
Canada,CA,Trade union density rate (%),2019,28.29
Canada,CA,Trade union density rate (%),2018,28.09
Canada,CA,Trade union density rate (%),2017,28.44
Canada,CA,Trade union density rate (%),2016,28.39
Canada,CA,Trade union density rate (%),2015,28.59
Canada,CA,Trade union density rate (%),2014,28.41
Canada,CA,Trade union density rate (%),2013,29.19
Canada,CA,Trade union density rate (%),2012,29.28
Canada,CA,Trade union density rate (%),2011,28.98
Canada,CA,Trade union density rate (%),2010,29.34
Switzerland,CH,Trade union density rate (%),2018,14.43
Switzerland,CH,Trade union density rate (%),2017,14.86
Switzerland,CH,Trade union density rate (%),2016,15.25
Switzerland,CH,Trade union density rate (%),2015,15.66
Switzerland,CH,Trade union density rate (%),2014,16.08
Switzerland,CH,Trade union density rate (%),2013,16.57
Switzerland,CH,Trade union density rate (%),2012,16.53
Switzerland,CH,Trade union density rate (%),2011,17.03
Switzerland,CH,Trade union density rate (%),2010,17.58
Chile,CL,Trade union density rate (%),2018,17.09
Chile,CL,Trade union density rate (%),2017,17.38
Chile,CL,Trade union density rate (%),2016,16.92
Chile,CL,Trade union density rate (%),2015,15.4
Chile,CL,Trade union density rate (%),2014,14.66
Chile,CL,Trade union density rate (%),2013,14.19
Chile,CL,Trade union density rate (%),2012,14.38
Chile,CL,Trade union density rate (%),2011,13.88
Chile,CL,Trade union density rate (%),2010,14.01
China,CN,Trade union density rate (%),2017,44.25
China,CN,Trade union density rate (%),2016,44.56
China,CN,Trade union density rate (%),2015,43.86
China,CN,Trade union density rate (%),2014,43.22
China,CN,Trade union density rate (%),2013,42.56
China,CN,Trade union density rate (%),2012,41.16
China,CN,Trade union density rate (%),2011,37.8
China,CN,Trade union density rate (%),2010,34.73
China,CN,Trade union density rate (%),2009,35.6675
China,CN,Trade union density rate (%),2008,34.3675
China,CN,Trade union density rate (%),2007,33.0675
China,CN,Trade union density rate (%),2006,31.7675
China,CN,Trade union density rate (%),2005,30.4675
China,CN,Trade union density rate (%),2004,29.1675
China,CN,Trade union density rate (%),2003,27.8675
China,CN,Trade union density rate (%),2002,26.5675
China,CN,Trade union density rate (%),2001,25.2675
China,CN,Trade union density rate (%),2000,23.9675
China,CN,Trade union density rate (%),1999,22.6675
China,CN,Trade union density rate (%),1998,21.3675
China,CN,Trade union density rate (%),1997,20.0675
China,CN,Trade union density rate (%),1996,18.7675
China,CN,Trade union density rate (%),1995,17.4675
China,CN,Trade union density rate (%),1994,16.1675
China,CN,Trade union density rate (%),1993,14.8675
China,CN,Trade union density rate (%),1992,13.5675
China,CN,Trade union density rate (%),1991,12.2675
China,CN,Trade union density rate (%),1990,10.9675
China,CN,Trade union density rate (%),1989,9.6675
China,CN,Trade union density rate (%),1988,9.5
China,CN,Trade union density rate (%),1987,9.3
China,CN,Trade union density rate (%),1986,9.121666667
China,CN,Trade union density rate (%),1985,8.937916667
China,CN,Trade union density rate (%),1984,8.754166667
China,CN,Trade union density rate (%),1983,8.570416667
China,CN,Trade union density rate (%),1982,8.386666667
China,CN,Trade union density rate (%),1981,8.202916667
China,CN,Trade union density rate (%),1980,8.019166667
China,CN,Trade union density rate (%),1979,7.835416667
China,CN,Trade union density rate (%),1978,7.651666667
China,CN,Trade union density rate (%),1977,7.467916667
China,CN,Trade union density rate (%),1976,7.284166667
China,CN,Trade union density rate (%),1975,7.100416667
China,CN,Trade union density rate (%),1974,6.916666667
China,CN,Trade union density rate (%),1973,6.732916667
China,CN,Trade union density rate (%),1972,6.549166667
China,CN,Trade union density rate (%),1971,6.365416667
China,CN,Trade union density rate (%),1970,6.181666667
China,CN,Trade union density rate (%),1969,5.997916667
China,CN,Trade union density rate (%),1968,5.814166667
China,CN,Trade union density rate (%),1967,5.630416667
China,CN,Trade union density rate (%),1966,5.446666667
China,CN,Trade union density rate (%),1965,5.262916667
China,CN,Trade union density rate (%),1964,5.079166667
China,CN,Trade union density rate (%),1963,4.895416667
China,CN,Trade union density rate (%),1962,4.711666667
China,CN,Trade union density rate (%),1961,4.527916667
China,CN,Trade union density rate (%),1960,4.344166667
China,CN,Trade union density rate (%),1959,4.160416667
China,CN,Trade union density rate (%),1958,3.976666667
China,CN,Trade union density rate (%),1957,3.792916667
China,CN,Trade union density rate (%),1956,3.609166667
China,CN,Trade union density rate (%),1955,3.425416667
Côte d'Ivoire,CI,Trade union density rate (%),2017,10.62
Côte d'Ivoire,CI,Trade union density rate (%),2016,9.35
Côte d'Ivoire,CI,Trade union density rate (%),2013,7.65
Côte d'Ivoire,CI,Trade union density rate (%),2012,10.93
Cameroon,CM,Trade union density rate (%),2014,5.02
Cameroon,CM,Trade union density rate (%),2010,5.41
"Congo, Democratic Republic of the",,Trade union density rate (%),2012,13.56
Colombia,CO,Trade union density rate (%),2019,4.65
Colombia,CO,Trade union density rate (%),2018,4.7
Colombia,CO,Trade union density rate (%),2017,4.77
Colombia,CO,Trade union density rate (%),2016,5.25
Colombia,CO,Trade union density rate (%),2015,5.41
Colombia,CO,Trade union density rate (%),2014,5.74
Colombia,CO,Trade union density rate (%),2013,6.52
Colombia,CO,Trade union density rate (%),2012,4.27
Colombia,CO,Trade union density rate (%),2011,3.67
Colombia,CO,Trade union density rate (%),2010,3.56
Comoros,KM,Trade union density rate (%),2014,13.35
Cabo Verde,,Trade union density rate (%),2015,20.9
Costa Rica,CR,Trade union density rate (%),2019,20.54
Costa Rica,CR,Trade union density rate (%),2018,19.45
Costa Rica,CR,Trade union density rate (%),2017,19.33
Costa Rica,CR,Trade union density rate (%),2016,19.34
Costa Rica,CR,Trade union density rate (%),2015,18.58
Costa Rica,CR,Trade union density rate (%),2014,12.37
Costa Rica,CR,Trade union density rate (%),2013,13.72
Costa Rica,CR,Trade union density rate (%),2012,13.14
Costa Rica,CR,Trade union density rate (%),2011,13.37
Costa Rica,CR,Trade union density rate (%),2010,12.83
Curaçao,,Trade union density rate (%),2018,23.49
Cyprus,CY,Trade union density rate (%),2016,43.28
Cyprus,CY,Trade union density rate (%),2015,43.58
Cyprus,CY,Trade union density rate (%),2014,45.81
Cyprus,CY,Trade union density rate (%),2013,46.62
Cyprus,CY,Trade union density rate (%),2012,45.37
Cyprus,CY,Trade union density rate (%),2011,45.6
Cyprus,CY,Trade union density rate (%),2010,48.03
Czechia,,Trade union density rate (%),2018,11.38
Czechia,,Trade union density rate (%),2017,11.66
Czechia,,Trade union density rate (%),2016,11.92
Czechia,,Trade union density rate (%),2015,11.92
Czechia,,Trade union density rate (%),2014,12.86
Czechia,,Trade union density rate (%),2013,13.57
Czechia,,Trade union density rate (%),2012,14.81
Czechia,,Trade union density rate (%),2011,15.43
Czechia,,Trade union density rate (%),2010,16.15
Germany,DE,Trade union density rate (%),2019,16.25
Germany,DE,Trade union density rate (%),2018,16.54
Germany,DE,Trade union density rate (%),2017,16.68
Germany,DE,Trade union density rate (%),2016,16.96
Germany,DE,Trade union density rate (%),2015,17.53
Germany,DE,Trade union density rate (%),2014,17.69
Germany,DE,Trade union density rate (%),2013,17.94
Germany,DE,Trade union density rate (%),2012,18.24
Germany,DE,Trade union density rate (%),2011,18.39
Germany,DE,Trade union density rate (%),2010,18.84
Denmark,DK,Trade union density rate (%),2019,66.98
Denmark,DK,Trade union density rate (%),2018,67.55
Denmark,DK,Trade union density rate (%),2017,66.74
Denmark,DK,Trade union density rate (%),2016,67.36
Denmark,DK,Trade union density rate (%),2015,68.19
Denmark,DK,Trade union density rate (%),2014,68.46
Denmark,DK,Trade union density rate (%),2013,68.84
Denmark,DK,Trade union density rate (%),2012,69.01
Denmark,DK,Trade union density rate (%),2011,68.72
Denmark,DK,Trade union density rate (%),2010,68.14
Dominican Republic,DO,Trade union density rate (%),2019,7.49
Dominican Republic,DO,Trade union density rate (%),2018,7.46
Dominican Republic,DO,Trade union density rate (%),2017,7.61
Dominican Republic,DO,Trade union density rate (%),2016,6.58
Dominican Republic,DO,Trade union density rate (%),2015,5.62
Dominican Republic,DO,Trade union density rate (%),2014,9.84
Dominican Republic,DO,Trade union density rate (%),2013,11.06
Dominican Republic,DO,Trade union density rate (%),2012,10.32
Dominican Republic,DO,Trade union density rate (%),2011,9.23
Dominican Republic,DO,Trade union density rate (%),2010,9.2
Egypt,EG,Trade union density rate (%),2010,23.8
Spain,ES,Trade union density rate (%),2019,12.45
Spain,ES,Trade union density rate (%),2018,12.97
Spain,ES,Trade union density rate (%),2017,13.4
Spain,ES,Trade union density rate (%),2016,13.95
Spain,ES,Trade union density rate (%),2015,14.45
Spain,ES,Trade union density rate (%),2014,15.81
Spain,ES,Trade union density rate (%),2013,17.04
Spain,ES,Trade union density rate (%),2012,17.77
Spain,ES,Trade union density rate (%),2011,17.93
Spain,ES,Trade union density rate (%),2010,18.18
Spain,ES,Trade union density rate (%),2009,19.354
Spain,ES,Trade union density rate (%),2008,20.07381818
Spain,ES,Trade union density rate (%),2007,20.79363636
Spain,ES,Trade union density rate (%),2006,21.51345455
Spain,ES,Trade union density rate (%),2005,22.23327273
Spain,ES,Trade union density rate (%),2004,22.95309091
Spain,ES,Trade union density rate (%),2003,23.67290909
Spain,ES,Trade union density rate (%),2002,24.39272727
Spain,ES,Trade union density rate (%),2001,25.11254545
Spain,ES,Trade union density rate (%),2000,25.83236364
Spain,ES,Trade union density rate (%),1999,26.49678322
Spain,ES,Trade union density rate (%),1998,27.20718282
Spain,ES,Trade union density rate (%),1997,27.91758242
Spain,ES,Trade union density rate (%),1996,28.62798202
Spain,ES,Trade union density rate (%),1995,29.33838162
Spain,ES,Trade union density rate (%),1994,30.04878122
Spain,ES,Trade union density rate (%),1993,30.75918082
Spain,ES,Trade union density rate (%),1992,31.46958042
Spain,ES,Trade union density rate (%),1991,32.17998002
Spain,ES,Trade union density rate (%),1990,32.89037962
Spain,ES,Trade union density rate (%),1989,33.60077922
Spain,ES,Trade union density rate (%),1988,34.31117882
Spain,ES,Trade union density rate (%),1987,35.02157842
Estonia,EE,Trade union density rate (%),2019,6.02
Estonia,EE,Trade union density rate (%),2018,5.89
Estonia,EE,Trade union density rate (%),2017,4.67
Estonia,EE,Trade union density rate (%),2016,5.05
Estonia,EE,Trade union density rate (%),2015,4.49
Estonia,EE,Trade union density rate (%),2014,5.29
Estonia,EE,Trade union density rate (%),2013,5.63
Estonia,EE,Trade union density rate (%),2012,6.02
Estonia,EE,Trade union density rate (%),2011,6.98
Estonia,EE,Trade union density rate (%),2010,8.18
Ethiopia,ET,Trade union density rate (%),2019,9.35
Ethiopia,ET,Trade union density rate (%),2018,8.84
Ethiopia,ET,Trade union density rate (%),2017,8.81
Ethiopia,ET,Trade union density rate (%),2016,8.62
Ethiopia,ET,Trade union density rate (%),2015,8.47
Ethiopia,ET,Trade union density rate (%),2014,8.08
Ethiopia,ET,Trade union density rate (%),2013,8.21
Ethiopia,ET,Trade union density rate (%),2012,8.16
Ethiopia,ET,Trade union density rate (%),2011,8.14
Ethiopia,ET,Trade union density rate (%),2010,7.89
Finland,FI,Trade union density rate (%),2019,58.83
Finland,FI,Trade union density rate (%),2018,59.99
Finland,FI,Trade union density rate (%),2017,62.89
Finland,FI,Trade union density rate (%),2016,65.67
Finland,FI,Trade union density rate (%),2015,67.55
Finland,FI,Trade union density rate (%),2014,67.77
Finland,FI,Trade union density rate (%),2013,67.52
Finland,FI,Trade union density rate (%),2012,69.18
Finland,FI,Trade union density rate (%),2011,69.64
Finland,FI,Trade union density rate (%),2010,71.39
Fiji,FJ,Trade union density rate (%),2016,13.18
Fiji,FJ,Trade union density rate (%),2011,19.29
France,FR,Trade union density rate (%),2018,8.89
France,FR,Trade union density rate (%),2017,9
France,FR,Trade union density rate (%),2016,11
France,FR,Trade union density rate (%),2015,9.03
France,FR,Trade union density rate (%),2014,9.03
France,FR,Trade union density rate (%),2013,11.31
France,FR,Trade union density rate (%),2012,9.13
France,FR,Trade union density rate (%),2011,9.11
France,FR,Trade union density rate (%),2010,10.76
France,FR,Trade union density rate (%),2009,10.22472222
France,FR,Trade union density rate (%),2008,10.33055556
France,FR,Trade union density rate (%),2007,10.43638889
France,FR,Trade union density rate (%),2006,10.54222222
France,FR,Trade union density rate (%),2005,10.64805556
France,FR,Trade union density rate (%),2004,10.75388889
France,FR,Trade union density rate (%),2003,10.85972222
France,FR,Trade union density rate (%),2002,10.96555556
France,FR,Trade union density rate (%),2001,11.07138889
France,FR,Trade union density rate (%),2000,11.17722222
France,FR,Trade union density rate (%),1999,11.28305556
France,FR,Trade union density rate (%),1998,11.38888889
France,FR,Trade union density rate (%),1997,11.49472222
France,FR,Trade union density rate (%),1996,11.60055556
France,FR,Trade union density rate (%),1995,11.70638889
France,FR,Trade union density rate (%),1994,11.81222222
France,FR,Trade union density rate (%),1993,11.91805556
France,FR,Trade union density rate (%),1992,12.02388889
United Kingdom,GB,Trade union density rate (%),2019,23.36
United Kingdom,GB,Trade union density rate (%),2018,23.16
United Kingdom,GB,Trade union density rate (%),2017,23.14
United Kingdom,GB,Trade union density rate (%),2016,23.33
United Kingdom,GB,Trade union density rate (%),2015,24.57
United Kingdom,GB,Trade union density rate (%),2014,24.94
United Kingdom,GB,Trade union density rate (%),2013,25.51
United Kingdom,GB,Trade union density rate (%),2012,25.89
United Kingdom,GB,Trade union density rate (%),2011,25.72
United Kingdom,GB,Trade union density rate (%),2010,26.39
United Kingdom,GB,Trade union density rate (%),2009,26.796
United Kingdom,GB,Trade union density rate (%),2008,27.19509091
United Kingdom,GB,Trade union density rate (%),2007,27.59418182
United Kingdom,GB,Trade union density rate (%),2006,27.99327273
United Kingdom,GB,Trade union density rate (%),2005,28.39236364
United Kingdom,GB,Trade union density rate (%),2004,28.79145455
United Kingdom,GB,Trade union density rate (%),2003,29.19054545
United Kingdom,GB,Trade union density rate (%),2002,29.58963636
United Kingdom,GB,Trade union density rate (%),2001,29.98872727
United Kingdom,GB,Trade union density rate (%),2000,30.38781818
United Kingdom,GB,Trade union density rate (%),1999,30.78690909
United Kingdom,GB,Trade union density rate (%),1998,31.186
United Kingdom,GB,Trade union density rate (%),1997,31.58509091
United Kingdom,GB,Trade union density rate (%),1996,31.98418182
United Kingdom,GB,Trade union density rate (%),1995,32.38327273
United Kingdom,GB,Trade union density rate (%),1994,32.78236364
United Kingdom,GB,Trade union density rate (%),1993,33.18145455
United Kingdom,GB,Trade union density rate (%),1992,33.58054545
United Kingdom,GB,Trade union density rate (%),1991,33.97963636
United Kingdom,GB,Trade union density rate (%),1990,34.37872727
Georgia,GE,Trade union density rate (%),2019,17.88
Georgia,GE,Trade union density rate (%),2016,19.59
Ghana,GH,Trade union density rate (%),2019,16.84
Ghana,GH,Trade union density rate (%),2018,17.05
Ghana,GH,Trade union density rate (%),2017,17.43
Ghana,GH,Trade union density rate (%),2016,17.69
Ghana,GH,Trade union density rate (%),2015,16.9
Ghana,GH,Trade union density rate (%),2014,15.62
Ghana,GH,Trade union density rate (%),2013,15.51
Ghana,GH,Trade union density rate (%),2012,15.32
Ghana,GH,Trade union density rate (%),2011,15.12
Ghana,GH,Trade union density rate (%),2010,14.87
Gambia,GM,Trade union density rate (%),2018,13.89
Gambia,GM,Trade union density rate (%),2012,15.07
Greece,GR,Trade union density rate (%),2016,18.97
Greece,GR,Trade union density rate (%),2013,23.1
Greece,GR,Trade union density rate (%),2010,22.23
Guatemala,GT,Trade union density rate (%),2019,3.15
Guatemala,GT,Trade union density rate (%),2018,3.33
Guatemala,GT,Trade union density rate (%),2017,3.25
Guatemala,GT,Trade union density rate (%),2016,2.82
Guatemala,GT,Trade union density rate (%),2015,2.6
Guatemala,GT,Trade union density rate (%),2014,2.72
Guatemala,GT,Trade union density rate (%),2013,2.28
Guatemala,GT,Trade union density rate (%),2012,2.69
Guatemala,GT,Trade union density rate (%),2011,2.87
Guatemala,GT,Trade union density rate (%),2010,3.36
Guyana,GY,Trade union density rate (%),2018,14.01
Hong Kong,HK,Trade union density rate (%),2016,26.06
Hong Kong,HK,Trade union density rate (%),2015,25.3
Hong Kong,HK,Trade union density rate (%),2014,24.3
Hong Kong,HK,Trade union density rate (%),2013,24.86
Hong Kong,HK,Trade union density rate (%),2012,24.8
Hong Kong,HK,Trade union density rate (%),2011,24.67
Hong Kong,HK,Trade union density rate (%),2010,24.63
Hong Kong,HK,Trade union density rate (%),2009,24.22428571
Hong Kong,HK,Trade union density rate (%),2008,24.04392857
Hong Kong,HK,Trade union density rate (%),2007,23.86357143
Hong Kong,HK,Trade union density rate (%),2006,23.68321429
Hong Kong,HK,Trade union density rate (%),2005,23.50285714
Hong Kong,HK,Trade union density rate (%),2004,23.3225
Hong Kong,HK,Trade union density rate (%),2003,23.14214286
Hong Kong,HK,Trade union density rate (%),2002,22.96178571
Hong Kong,HK,Trade union density rate (%),2001,22.78142857
Hong Kong,HK,Trade union density rate (%),2000,22.60107143
Hong Kong,HK,Trade union density rate (%),1999,22.42071429
Hong Kong,HK,Trade union density rate (%),1998,22.24035714
Hong Kong,HK,Trade union density rate (%),1997,22.06
Hong Kong,HK,Trade union density rate (%),1996,21.87964286
Hong Kong,HK,Trade union density rate (%),1995,21.69928571
Hong Kong,HK,Trade union density rate (%),1994,21.51892857
Hong Kong,HK,Trade union density rate (%),1993,21.33857143
Hong Kong,HK,Trade union density rate (%),1992,21.15821429
Hong Kong,HK,Trade union density rate (%),1991,20.97785714
Hong Kong,HK,Trade union density rate (%),1990,20.7975
Hong Kong,HK,Trade union density rate (%),1989,20.61714286
Hong Kong,HK,Trade union density rate (%),1988,20.43678571
Hong Kong,HK,Trade union density rate (%),1987,20.25642857
Hong Kong,HK,Trade union density rate (%),1986,20.07607143
Hong Kong,HK,Trade union density rate (%),1985,19.89571429
Hong Kong,HK,Trade union density rate (%),1984,19.71535714
Hong Kong,HK,Trade union density rate (%),1983,19.535
Hong Kong,HK,Trade union density rate (%),1982,19.35464286
Hong Kong,HK,Trade union density rate (%),1981,19.17428571
Hong Kong,HK,Trade union density rate (%),1980,18.99392857
Hong Kong,HK,Trade union density rate (%),1979,18.81357143
Hong Kong,HK,Trade union density rate (%),1978,18.63321429
Hong Kong,HK,Trade union density rate (%),1977,18.45285714
Hong Kong,HK,Trade union density rate (%),1976,18.2725
Hong Kong,HK,Trade union density rate (%),1975,18.09214286
Hong Kong,HK,Trade union density rate (%),1974,17.91178571
Honduras,HN,Trade union density rate (%),2017,2.57
Honduras,HN,Trade union density rate (%),2016,1.83
Honduras,HN,Trade union density rate (%),2015,3.05
Honduras,HN,Trade union density rate (%),2014,3.51
Honduras,HN,Trade union density rate (%),2013,2.69
Honduras,HN,Trade union density rate (%),2012,3.93
Honduras,HN,Trade union density rate (%),2011,3.51
Honduras,HN,Trade union density rate (%),2010,2.96
Croatia,HR,Trade union density rate (%),2018,20.76
Croatia,HR,Trade union density rate (%),2017,21.99
Croatia,HR,Trade union density rate (%),2015,24.01
Croatia,HR,Trade union density rate (%),2014,26.46
Croatia,HR,Trade union density rate (%),2013,29.53
Croatia,HR,Trade union density rate (%),2012,27.14
Haiti,HT,Trade union density rate (%),2012,1.72
Hungary,HU,Trade union density rate (%),2019,8.65
Hungary,HU,Trade union density rate (%),2018,8.29
Hungary,HU,Trade union density rate (%),2016,9.18
Hungary,HU,Trade union density rate (%),2015,9.03
Hungary,HU,Trade union density rate (%),2014,11.01
Hungary,HU,Trade union density rate (%),2012,12.53
Indonesia,ID,Trade union density rate (%),2019,12.99
Indonesia,ID,Trade union density rate (%),2018,14.32
Indonesia,ID,Trade union density rate (%),2017,14.37
Indonesia,ID,Trade union density rate (%),2016,17.88
Indonesia,ID,Trade union density rate (%),2014,6.28
Indonesia,ID,Trade union density rate (%),2012,7
India,IN,Trade union density rate (%),2017,19.8
India,IN,Trade union density rate (%),2016,36.47833333
India,IN,Trade union density rate (%),2015,30.02333333
India,IN,Trade union density rate (%),2014,22.75
India,IN,Trade union density rate (%),2013,22.75
India,IN,Trade union density rate (%),2012,11.84
India,IN,Trade union density rate (%),2011,12
India,IN,Trade union density rate (%),2010,10.27
India,IN,Trade union density rate (%),2009,9.8
India,IN,Trade union density rate (%),2008,9.015
India,IN,Trade union density rate (%),2007,8.23
India,IN,Trade union density rate (%),2006,7.445
India,IN,Trade union density rate (%),2005,6.66
India,IN,Trade union density rate (%),2004,5.875
India,IN,Trade union density rate (%),2003,5.09
India,IN,Trade union density rate (%),2002,4.305
India,IN,Trade union density rate (%),2001,3.52
India,IN,Trade union density rate (%),2000,2.735
India,IN,Trade union density rate (%),1999,1.95
Ireland,IE,Trade union density rate (%),2020,25.4
Ireland,IE,Trade union density rate (%),2019,24.85
Ireland,IE,Trade union density rate (%),2018,24.03
Ireland,IE,Trade union density rate (%),2017,24.15
Ireland,IE,Trade union density rate (%),2016,23.29
Ireland,IE,Trade union density rate (%),2015,25.2
Ireland,IE,Trade union density rate (%),2014,26.05
Ireland,IE,Trade union density rate (%),2013,28.36
Ireland,IE,Trade union density rate (%),2012,29.99
Ireland,IE,Trade union density rate (%),2011,31.7
Ireland,IE,Trade union density rate (%),2010,31.8
Iceland,IS,Trade union density rate (%),2019,91.42
Iceland,IS,Trade union density rate (%),2018,90.57
Iceland,IS,Trade union density rate (%),2017,90.81
Iceland,IS,Trade union density rate (%),2016,90.5
Iceland,IS,Trade union density rate (%),2015,91.62
Iceland,IS,Trade union density rate (%),2014,90.49
Iceland,IS,Trade union density rate (%),2013,90.24
Iceland,IS,Trade union density rate (%),2012,87.43
Iceland,IS,Trade union density rate (%),2011,86.27
Iceland,IS,Trade union density rate (%),2010,86.53
Israel,IL,Trade union density rate (%),2017,25.09
Israel,IL,Trade union density rate (%),2012,25.11
Israel,IL,Trade union density rate (%),2007,25.13
Israel,IL,Trade union density rate (%),2002,25.15
Israel,IL,Trade union density rate (%),1997,25.17
Israel,IL,Trade union density rate (%),1992,25.19
Israel,IL,Trade union density rate (%),1987,25.21
Israel,IL,Trade union density rate (%),1982,25.23
Italy,IT,Trade union density rate (%),2019,32.5
Italy,IT,Trade union density rate (%),2018,32.64
Italy,IT,Trade union density rate (%),2017,33.23
Italy,IT,Trade union density rate (%),2016,33.57
Italy,IT,Trade union density rate (%),2015,34.22
Italy,IT,Trade union density rate (%),2014,35.39
Italy,IT,Trade union density rate (%),2013,35.71
Italy,IT,Trade union density rate (%),2012,35.46
Italy,IT,Trade union density rate (%),2011,35.14
Italy,IT,Trade union density rate (%),2010,35.32
Italy,IT,Trade union density rate (%),2009,36.372
Italy,IT,Trade union density rate (%),2008,36.74545455
Italy,IT,Trade union density rate (%),2007,37.11890909
Italy,IT,Trade union density rate (%),2006,37.49236364
Italy,IT,Trade union density rate (%),2005,37.86581818
Italy,IT,Trade union density rate (%),2004,38.23927273
Italy,IT,Trade union density rate (%),2003,38.61272727
Italy,IT,Trade union density rate (%),2002,38.98618182
Italy,IT,Trade union density rate (%),2001,39.35963636
Italy,IT,Trade union density rate (%),2000,39.73309091
Italy,IT,Trade union density rate (%),1999,40.10654545
Italy,IT,Trade union density rate (%),1998,40.48
Italy,IT,Trade union density rate (%),1997,40.85345455
Italy,IT,Trade union density rate (%),1996,41.22690909
Italy,IT,Trade union density rate (%),1995,41.60036364
Italy,IT,Trade union density rate (%),1994,41.97381818
Italy,IT,Trade union density rate (%),1993,42.34727273
Italy,IT,Trade union density rate (%),1992,42.72072727
Italy,IT,Trade union density rate (%),1991,43.09418182
Italy,IT,Trade union density rate (%),1990,43.46763636
Japan,JP,Trade union density rate (%),2019,16.8
Japan,JP,Trade union density rate (%),2018,16.96
Japan,JP,Trade union density rate (%),2017,17.15
Japan,JP,Trade union density rate (%),2016,17.35
Japan,JP,Trade union density rate (%),2015,17.52
Japan,JP,Trade union density rate (%),2014,17.6
Japan,JP,Trade union density rate (%),2013,17.78
Japan,JP,Trade union density rate (%),2012,17.97
Japan,JP,Trade union density rate (%),2011,18.99
Japan,JP,Trade union density rate (%),2010,18.67722222
Japan,JP,Trade union density rate (%),2009,18.89888889
Japan,JP,Trade union density rate (%),2008,19.12055556
Japan,JP,Trade union density rate (%),2007,19.34222222
Japan,JP,Trade union density rate (%),2006,19.56388889
Japan,JP,Trade union density rate (%),2005,19.78555556
Japan,JP,Trade union density rate (%),2004,20.00722222
Japan,JP,Trade union density rate (%),2003,20.22888889
Japan,JP,Trade union density rate (%),2002,20.45055556
Japan,JP,Trade union density rate (%),2001,20.67222222
Japan,JP,Trade union density rate (%),2000,20.89388889
Japan,JP,Trade union density rate (%),1999,21.11555556
Japan,JP,Trade union density rate (%),1998,21.33722222
Japan,JP,Trade union density rate (%),1997,21.55888889
Japan,JP,Trade union density rate (%),1996,21.78055556
Japan,JP,Trade union density rate (%),1995,22.00222222
Japan,JP,Trade union density rate (%),1994,22.22388889
Japan,JP,Trade union density rate (%),1993,22.44555556
Japan,JP,Trade union density rate (%),1992,22.66722222
Japan,JP,Trade union density rate (%),1991,22.88888889
Japan,JP,Trade union density rate (%),1990,23.11055556
Japan,JP,Trade union density rate (%),1989,23.33222222
Japan,JP,Trade union density rate (%),1988,23.55388889
Japan,JP,Trade union density rate (%),1987,23.77555556
Japan,JP,Trade union density rate (%),1986,23.99722222
Japan,JP,Trade union density rate (%),1985,24.21888889
Japan,JP,Trade union density rate (%),1984,24.44055556
Japan,JP,Trade union density rate (%),1983,24.66222222
Japan,JP,Trade union density rate (%),1982,24.88388889
Japan,JP,Trade union density rate (%),1981,25.10555556
Japan,JP,Trade union density rate (%),1980,25.32722222
Japan,JP,Trade union density rate (%),1979,25.54888889
Japan,JP,Trade union density rate (%),1978,25.77055556
Japan,JP,Trade union density rate (%),1977,25.99222222
Kazakhstan,KZ,Trade union density rate (%),2017,46.92
Kazakhstan,KZ,Trade union density rate (%),2012,49.2
Kazakhstan,KZ,Trade union density rate (%),2011,39.2
Kazakhstan,KZ,Trade union density rate (%),2010,39.75
Kenya,KE,Trade union density rate (%),2019,9.7
Kenya,KE,Trade union density rate (%),2016,9.33
Cambodia,KH,Trade union density rate (%),2012,9.63
South Korea,KR,Trade union density rate (%),2020,12.37
South Korea,KR,Trade union density rate (%),2019,12.37
South Korea,KR,Trade union density rate (%),2018,12.48
South Korea,KR,Trade union density rate (%),2017,12.44
South Korea,KR,Trade union density rate (%),2016,12.02
South Korea,KR,Trade union density rate (%),2015,12.43
South Korea,KR,Trade union density rate (%),2014,12.53
South Korea,KR,Trade union density rate (%),2013,12.47
South Korea,KR,Trade union density rate (%),2012,11.57
South Korea,KR,Trade union density rate (%),2011,10.95
South Korea,KR,Trade union density rate (%),2010,11.44
South Korea,KR,Trade union density rate (%),2009,11.416
South Korea,KR,Trade union density rate (%),2008,11.30245455
South Korea,KR,Trade union density rate (%),2007,11.18890909
South Korea,KR,Trade union density rate (%),2006,11.07536364
South Korea,KR,Trade union density rate (%),2005,10.96181818
South Korea,KR,Trade union density rate (%),2004,10.84827273
South Korea,KR,Trade union density rate (%),2003,10.73472727
South Korea,KR,Trade union density rate (%),2002,10.62118182
South Korea,KR,Trade union density rate (%),2001,10.50763636
South Korea,KR,Trade union density rate (%),2000,10.39409091
South Korea,KR,Trade union density rate (%),1999,10.28054545
South Korea,KR,Trade union density rate (%),1998,10.167
South Korea,KR,Trade union density rate (%),1997,10.05345455
South Korea,KR,Trade union density rate (%),1996,9.939909091
South Korea,KR,Trade union density rate (%),1995,9.826363636
South Korea,KR,Trade union density rate (%),1994,9.712818182
South Korea,KR,Trade union density rate (%),1993,9.599272727
South Korea,KR,Trade union density rate (%),1992,9.485727273
South Korea,KR,Trade union density rate (%),1991,9.372181818
South Korea,KR,Trade union density rate (%),1990,9.258636364
South Korea,KR,Trade union density rate (%),1989,9.145090909
South Korea,KR,Trade union density rate (%),1988,9.031545455
South Korea,KR,Trade union density rate (%),1987,8.918
South Korea,KR,Trade union density rate (%),1986,8.804454545
South Korea,KR,Trade union density rate (%),1985,8.690909091
South Korea,KR,Trade union density rate (%),1984,8.577363636
South Korea,KR,Trade union density rate (%),1983,8.463818182
South Korea,KR,Trade union density rate (%),1982,8.350272727
South Korea,KR,Trade union density rate (%),1981,8.236727273
South Korea,KR,Trade union density rate (%),1980,8.123181818
South Korea,KR,Trade union density rate (%),1979,8.009636364
South Korea,KR,Trade union density rate (%),1978,7.896090909
South Korea,KR,Trade union density rate (%),1977,7.782545455
South Korea,KR,Trade union density rate (%),1976,7.669
South Korea,KR,Trade union density rate (%),1975,7.555454545
South Korea,KR,Trade union density rate (%),1974,7.441909091
South Korea,KR,Trade union density rate (%),1973,7.328363636
South Korea,KR,Trade union density rate (%),1972,7.214818182
South Korea,KR,Trade union density rate (%),1971,7.101272727
South Korea,KR,Trade union density rate (%),1970,6.987727273
South Korea,KR,Trade union density rate (%),1969,6.874181818
Lao People's Democratic Republic,LA,Trade union density rate (%),2010,15.5
Liberia,LR,Trade union density rate (%),2010,20.08
Sri Lanka,LK,Trade union density rate (%),2019,10.1
Sri Lanka,LK,Trade union density rate (%),2018,13.06
Sri Lanka,LK,Trade union density rate (%),2016,15.33
Sri Lanka,LK,Trade union density rate (%),2015,14.44
Sri Lanka,LK,Trade union density rate (%),2014,9.05
Sri Lanka,LK,Trade union density rate (%),2011,24.92
Sri Lanka,LK,Trade union density rate (%),2010,11.54
Lesotho,LS,Trade union density rate (%),2019,4.75
Lesotho,LS,Trade union density rate (%),2010,9.72
Lithuania,LT,Trade union density rate (%),2019,7.36
Lithuania,LT,Trade union density rate (%),2018,7.13
Lithuania,LT,Trade union density rate (%),2017,7.73
Lithuania,LT,Trade union density rate (%),2016,7.67
Lithuania,LT,Trade union density rate (%),2015,7.86
Lithuania,LT,Trade union density rate (%),2014,8.12
Lithuania,LT,Trade union density rate (%),2013,8.36
Lithuania,LT,Trade union density rate (%),2012,9.02
Lithuania,LT,Trade union density rate (%),2011,9.72
Lithuania,LT,Trade union density rate (%),2010,10.13
Luxembourg,LU,Trade union density rate (%),2019,28.23
Luxembourg,LU,Trade union density rate (%),2018,30.36
Luxembourg,LU,Trade union density rate (%),2017,32.08
Luxembourg,LU,Trade union density rate (%),2016,32.25
Luxembourg,LU,Trade union density rate (%),2015,33.26
Luxembourg,LU,Trade union density rate (%),2014,34.15
Luxembourg,LU,Trade union density rate (%),2013,34.83
Luxembourg,LU,Trade union density rate (%),2012,35.29
Luxembourg,LU,Trade union density rate (%),2011,36.63
Luxembourg,LU,Trade union density rate (%),2010,36.09
Latvia,LV,Trade union density rate (%),2019,10.65
Latvia,LV,Trade union density rate (%),2018,11.04
Latvia,LV,Trade union density rate (%),2017,11.5
Latvia,LV,Trade union density rate (%),2016,11.46
Latvia,LV,Trade union density rate (%),2015,12.46
Latvia,LV,Trade union density rate (%),2014,12.54
Latvia,LV,Trade union density rate (%),2013,12.46
Latvia,LV,Trade union density rate (%),2012,12.69
Latvia,LV,Trade union density rate (%),2011,13
Latvia,LV,Trade union density rate (%),2010,14.49
Morocco,MA,Trade union density rate (%),2019,10.9
Morocco,MA,Trade union density rate (%),2018,10.32
Morocco,MA,Trade union density rate (%),2017,6.37
Morocco,MA,Trade union density rate (%),2016,6.03
"Moldova, Republic of",MD,Trade union density rate (%),2019,18.58
"Moldova, Republic of",MD,Trade union density rate (%),2018,20.02
"Moldova, Republic of",MD,Trade union density rate (%),2017,22.44
"Moldova, Republic of",MD,Trade union density rate (%),2016,23.9
"Moldova, Republic of",MD,Trade union density rate (%),2015,24.05
"Moldova, Republic of",MD,Trade union density rate (%),2014,29.65
"Moldova, Republic of",MD,Trade union density rate (%),2013,28.3
Madagascar,MG,Trade union density rate (%),2015,7.22
Madagascar,MG,Trade union density rate (%),2012,10.37
Mexico,MX,Trade union density rate (%),2020,12.4
Mexico,MX,Trade union density rate (%),2019,12.4
Mexico,MX,Trade union density rate (%),2018,12
Mexico,MX,Trade union density rate (%),2017,12.5
Mexico,MX,Trade union density rate (%),2016,12.7
Mexico,MX,Trade union density rate (%),2015,13.1
Mexico,MX,Trade union density rate (%),2014,13.6
Mexico,MX,Trade union density rate (%),2013,13.8
Mexico,MX,Trade union density rate (%),2012,14
Mexico,MX,Trade union density rate (%),2011,14.7
Mexico,MX,Trade union density rate (%),2010,14.5
North Macedonia,,Trade union density rate (%),2019,16.68
North Macedonia,,Trade union density rate (%),2010,28
Mali,ML,Trade union density rate (%),2018,7.52
Mali,ML,Trade union density rate (%),2017,7.2
Mali,ML,Trade union density rate (%),2016,16.45
Mali,ML,Trade union density rate (%),2015,9.7
Mali,ML,Trade union density rate (%),2014,18.87
Mali,ML,Trade union density rate (%),2013,9.36
Malta,MT,Trade union density rate (%),2020,41.89
Malta,MT,Trade union density rate (%),2019,42.87
Malta,MT,Trade union density rate (%),2018,44.05
Malta,MT,Trade union density rate (%),2017,46.88
Malta,MT,Trade union density rate (%),2016,47.51
Malta,MT,Trade union density rate (%),2015,48.57
Malta,MT,Trade union density rate (%),2014,49.09
Malta,MT,Trade union density rate (%),2013,51.05
Malta,MT,Trade union density rate (%),2012,51.97
Malta,MT,Trade union density rate (%),2011,52.74
Malta,MT,Trade union density rate (%),2010,53.88
Myanmar,MM,Trade union density rate (%),2015,1
Montenegro,ME,Trade union density rate (%),2012,25.83
Mongolia,MN,Trade union density rate (%),2019,30.79
Mongolia,MN,Trade union density rate (%),2018,32.85
Mongolia,MN,Trade union density rate (%),2017,36.03
Mongolia,MN,Trade union density rate (%),2016,38.25
Mongolia,MN,Trade union density rate (%),2015,38.57
Mongolia,MN,Trade union density rate (%),2014,39.82
Mongolia,MN,Trade union density rate (%),2013,39.63
Mongolia,MN,Trade union density rate (%),2012,42.16
Mongolia,MN,Trade union density rate (%),2011,45.48
Mongolia,MN,Trade union density rate (%),2010,44.53
Mozambique,MZ,Trade union density rate (%),2016,12.49
Mauritania,MR,Trade union density rate (%),2012,10.36
Mauritius,MU,Trade union density rate (%),2018,27.68
Mauritius,MU,Trade union density rate (%),2017,27.86
Mauritius,MU,Trade union density rate (%),2016,28.17
Mauritius,MU,Trade union density rate (%),2015,28.07
Mauritius,MU,Trade union density rate (%),2012,27.05
Mauritius,MU,Trade union density rate (%),2011,27.1
Mauritius,MU,Trade union density rate (%),2010,23.03
Malawi,MW,Trade union density rate (%),2013,8.85
Malaysia,MY,Trade union density rate (%),2018,8.7
Malaysia,MY,Trade union density rate (%),2017,8.68
Malaysia,MY,Trade union density rate (%),2016,8.81
Malaysia,MY,Trade union density rate (%),2015,8.78
Malaysia,MY,Trade union density rate (%),2014,8.91
Malaysia,MY,Trade union density rate (%),2013,9.08
Malaysia,MY,Trade union density rate (%),2012,9.25
Malaysia,MY,Trade union density rate (%),2011,8.44
Malaysia,MY,Trade union density rate (%),2010,9.12
Malaysia,MY,Trade union density rate (%),2009,9.041666667
Malaysia,MY,Trade union density rate (%),2008,9.077333333
Malaysia,MY,Trade union density rate (%),2007,9.113
Malaysia,MY,Trade union density rate (%),2006,9.148666667
Malaysia,MY,Trade union density rate (%),2005,9.184333333
Malaysia,MY,Trade union density rate (%),2004,9.22
Malaysia,MY,Trade union density rate (%),2003,9.255666667
Malaysia,MY,Trade union density rate (%),2002,9.291333333
Malaysia,MY,Trade union density rate (%),2001,9.327
Malaysia,MY,Trade union density rate (%),2000,9.339866667
Malaysia,MY,Trade union density rate (%),1999,9.369315152
Malaysia,MY,Trade union density rate (%),1998,9.398763636
Malaysia,MY,Trade union density rate (%),1997,9.428212121
Malaysia,MY,Trade union density rate (%),1996,9.457660606
Malaysia,MY,Trade union density rate (%),1995,9.487109091
Malaysia,MY,Trade union density rate (%),1994,9.516557576
Malaysia,MY,Trade union density rate (%),1993,9.546006061
Malaysia,MY,Trade union density rate (%),1992,9.575454545
Namibia,NA,Trade union density rate (%),2018,18.3
Namibia,NA,Trade union density rate (%),2016,17.61
Niger,NE,Trade union density rate (%),2012,27
Nicaragua,NI,Trade union density rate (%),2010,5.3
Netherlands,NL,Trade union density rate (%),2019,15.39
Netherlands,NL,Trade union density rate (%),2018,16.51
Netherlands,NL,Trade union density rate (%),2017,16.8
Netherlands,NL,Trade union density rate (%),2016,17.32
Netherlands,NL,Trade union density rate (%),2015,17.72
Netherlands,NL,Trade union density rate (%),2014,18.13
Netherlands,NL,Trade union density rate (%),2013,18.21
Netherlands,NL,Trade union density rate (%),2012,18.85
Netherlands,NL,Trade union density rate (%),2011,19.34
Netherlands,NL,Trade union density rate (%),2010,19.28
Netherlands,NL,Trade union density rate (%),2009,20.02666667
Netherlands,NL,Trade union density rate (%),2008,20.43969697
Netherlands,NL,Trade union density rate (%),2007,20.85272727
Netherlands,NL,Trade union density rate (%),2006,21.26575758
Netherlands,NL,Trade union density rate (%),2005,21.67878788
Netherlands,NL,Trade union density rate (%),2004,22.09181818
Netherlands,NL,Trade union density rate (%),2003,22.50484848
Netherlands,NL,Trade union density rate (%),2002,22.91787879
Netherlands,NL,Trade union density rate (%),2001,23.33090909
Netherlands,NL,Trade union density rate (%),2000,23.74393939
Netherlands,NL,Trade union density rate (%),1999,24.1569697
Netherlands,NL,Trade union density rate (%),1998,24.57
Netherlands,NL,Trade union density rate (%),1997,24.9830303
Netherlands,NL,Trade union density rate (%),1996,25.39606061
Netherlands,NL,Trade union density rate (%),1995,25.80909091
Netherlands,NL,Trade union density rate (%),1994,26.22212121
Netherlands,NL,Trade union density rate (%),1993,26.63515152
Netherlands,NL,Trade union density rate (%),1992,27.04818182
Netherlands,NL,Trade union density rate (%),1991,27.46121212
Netherlands,NL,Trade union density rate (%),1990,27.87424242
Norway,NO,Trade union density rate (%),2019,50.4
Norway,NO,Trade union density rate (%),2018,49.88
Norway,NO,Trade union density rate (%),2017,49.98
Norway,NO,Trade union density rate (%),2016,49.99
Norway,NO,Trade union density rate (%),2015,49.78
Norway,NO,Trade union density rate (%),2014,50.07
Norway,NO,Trade union density rate (%),2013,49.82
Norway,NO,Trade union density rate (%),2012,49.93
Norway,NO,Trade union density rate (%),2011,49.93
Norway,NO,Trade union density rate (%),2010,50.52
Nepal,NP,Trade union density rate (%),2018,30.16
Nepal,NP,Trade union density rate (%),2016,38.88
Nepal,NP,Trade union density rate (%),2014,32.91
New Zealand,NZ,Trade union density rate (%),2020,18.89
New Zealand,NZ,Trade union density rate (%),2019,18.79
New Zealand,NZ,Trade union density rate (%),2018,19.23
New Zealand,NZ,Trade union density rate (%),2017,18.46
New Zealand,NZ,Trade union density rate (%),2016,18.77
New Zealand,NZ,Trade union density rate (%),2015,17.79
New Zealand,NZ,Trade union density rate (%),2014,18.48
New Zealand,NZ,Trade union density rate (%),2013,19.47
New Zealand,NZ,Trade union density rate (%),2012,20.34
New Zealand,NZ,Trade union density rate (%),2011,20.52
New Zealand,NZ,Trade union density rate (%),2010,21.43
Pakistan,PK,Trade union density rate (%),2016,4.73
Panama,PA,Trade union density rate (%),2019,26.32
Panama,PA,Trade union density rate (%),2018,26.33
Panama,PA,Trade union density rate (%),2017,24.5
Panama,PA,Trade union density rate (%),2016,19.58
Panama,PA,Trade union density rate (%),2015,17.49
Panama,PA,Trade union density rate (%),2014,16.81
Panama,PA,Trade union density rate (%),2013,15.51
Panama,PA,Trade union density rate (%),2012,15.3
Peru,PE,Trade union density rate (%),2018,2.28
Peru,PE,Trade union density rate (%),2017,2.76
Peru,PE,Trade union density rate (%),2016,2.76
Peru,PE,Trade union density rate (%),2015,3.13
Peru,PE,Trade union density rate (%),2014,3.21
Peru,PE,Trade union density rate (%),2013,3.2
Peru,PE,Trade union density rate (%),2012,2.15
Peru,PE,Trade union density rate (%),2011,2.05
Peru,PE,Trade union density rate (%),2010,1.93
Philippines,PH,Trade union density rate (%),2020,8.49
Philippines,PH,Trade union density rate (%),2019,7.59
Philippines,PH,Trade union density rate (%),2018,7.7
Philippines,PH,Trade union density rate (%),2017,7.95
Philippines,PH,Trade union density rate (%),2016,8.03
Philippines,PH,Trade union density rate (%),2015,8.51
Philippines,PH,Trade union density rate (%),2014,8.84
Philippines,PH,Trade union density rate (%),2013,8.52
Philippines,PH,Trade union density rate (%),2012,8.58
Philippines,PH,Trade union density rate (%),2011,8.71
Philippines,PH,Trade union density rate (%),2010,8.78
Philippines,PH,Trade union density rate (%),2009,8.910181818
Philippines,PH,Trade union density rate (%),2008,9.005818182
Philippines,PH,Trade union density rate (%),2007,9.101454545
Philippines,PH,Trade union density rate (%),2006,9.197090909
Philippines,PH,Trade union density rate (%),2005,9.292727273
Philippines,PH,Trade union density rate (%),2004,9.388363636
Philippines,PH,Trade union density rate (%),2003,9.484
Philippines,PH,Trade union density rate (%),2002,9.579636364
Philippines,PH,Trade union density rate (%),2001,9.675272727
Philippines,PH,Trade union density rate (%),2000,9.770909091
Philippines,PH,Trade union density rate (%),1999,9.866545455
Poland,PL,Trade union density rate (%),2018,12.71
Poland,PL,Trade union density rate (%),2017,13.38
Poland,PL,Trade union density rate (%),2016,13.99
Poland,PL,Trade union density rate (%),2015,14.64
Poland,PL,Trade union density rate (%),2014,16.48
Poland,PL,Trade union density rate (%),2013,16.88
Poland,PL,Trade union density rate (%),2012,16.98
Poland,PL,Trade union density rate (%),2011,17.25
Poland,PL,Trade union density rate (%),2010,19.98
Poland,PL,Trade union density rate (%),2009,19.88583333
Poland,PL,Trade union density rate (%),2008,20.701
Poland,PL,Trade union density rate (%),2007,21.51616667
Poland,PL,Trade union density rate (%),2006,22.33133333
Poland,PL,Trade union density rate (%),2005,23.1465
Poland,PL,Trade union density rate (%),2004,23.96166667
Poland,PL,Trade union density rate (%),2003,24.77683333
Poland,PL,Trade union density rate (%),2002,25.592
Poland,PL,Trade union density rate (%),2001,26.40716667
Poland,PL,Trade union density rate (%),2000,27.22233333
Poland,PL,Trade union density rate (%),1999,28.0375
Poland,PL,Trade union density rate (%),2003,24.77683333
Portugal,PT,Trade union density rate (%),2016,15.29
Portugal,PT,Trade union density rate (%),2015,16.05
Portugal,PT,Trade union density rate (%),2014,17.1
Portugal,PT,Trade union density rate (%),2012,18.9
Portugal,PT,Trade union density rate (%),2011,18.8
Portugal,PT,Trade union density rate (%),2010,19.8
Paraguay,PY,Trade union density rate (%),2019,6.93
Paraguay,PY,Trade union density rate (%),2018,6.91
Paraguay,PY,Trade union density rate (%),2017,6.4
Paraguay,PY,Trade union density rate (%),2016,7.03
Paraguay,PY,Trade union density rate (%),2015,6.8
Paraguay,PY,Trade union density rate (%),2014,6.52
Paraguay,PY,Trade union density rate (%),2013,8.74
Paraguay,PY,Trade union density rate (%),2012,8.26
Paraguay,PY,Trade union density rate (%),2011,6.4
Paraguay,PY,Trade union density rate (%),2010,8.1
Occupied Palestinian Territory,,Trade union density rate (%),2019,21.28
Occupied Palestinian Territory,,Trade union density rate (%),2018,22.78
Occupied Palestinian Territory,,Trade union density rate (%),2017,19.8
Occupied Palestinian Territory,,Trade union density rate (%),2016,22.25
Occupied Palestinian Territory,,Trade union density rate (%),2015,30.14
Occupied Palestinian Territory,,Trade union density rate (%),2013,8.53
Occupied Palestinian Territory,,Trade union density rate (%),2011,17.88
Romania,RO,Trade union density rate (%),2018,21.39
Romania,RO,Trade union density rate (%),2016,21.61
Romania,RO,Trade union density rate (%),2015,21.7
Romania,RO,Trade union density rate (%),2014,21.83
Romania,RO,Trade union density rate (%),2013,25.2
Romania,RO,Trade union density rate (%),2012,26.7
Romania,RO,Trade union density rate (%),2011,30.5
Romania,RO,Trade union density rate (%),2010,35.4
Romania,RO,Trade union density rate (%),2009,35.25428571
Romania,RO,Trade union density rate (%),2008,37.53428571
Romania,RO,Trade union density rate (%),2007,39.81428571
Romania,RO,Trade union density rate (%),2006,42.09428571
Romania,RO,Trade union density rate (%),2005,44.37428571
Romania,RO,Trade union density rate (%),2004,46.65428571
Romania,RO,Trade union density rate (%),2003,48.93428571
Romania,RO,Trade union density rate (%),2002,51.21428571
Russia,RU,Trade union density rate (%),2017,27.45
Russia,RU,Trade union density rate (%),2016,28.01
Russia,RU,Trade union density rate (%),2015,28.28
Russia,RU,Trade union density rate (%),2014,28.92
Russia,RU,Trade union density rate (%),2013,29.76
Russia,RU,Trade union density rate (%),2012,31.08
Russia,RU,Trade union density rate (%),2011,32.97
Russia,RU,Trade union density rate (%),2010,33.73
Russia,RU,Trade union density rate (%),2009,34.20357143
Russia,RU,Trade union density rate (%),2008,35.13214286
Russia,RU,Trade union density rate (%),2007,36.06071429
Russia,RU,Trade union density rate (%),2006,36.98928571
Russia,RU,Trade union density rate (%),2005,37.91785714
Russia,RU,Trade union density rate (%),2004,38.84642857
Russia,RU,Trade union density rate (%),2003,39.775
Russia,RU,Trade union density rate (%),2002,40.70357143
Rwanda,RW,Trade union density rate (%),2019,5.86
Rwanda,RW,Trade union density rate (%),2018,4.97
Rwanda,RW,Trade union density rate (%),2017,5.41
Sudan,SD,Trade union density rate (%),2011,30.41
Senegal,SN,Trade union density rate (%),2019,7.36
Senegal,SN,Trade union density rate (%),2018,9.69
Senegal,SN,Trade union density rate (%),2017,7.96
Senegal,SN,Trade union density rate (%),2016,8.27
Senegal,SN,Trade union density rate (%),2014,14.1
Senegal,SN,Trade union density rate (%),2013,13.86
Senegal,SN,Trade union density rate (%),2012,14.11
Senegal,SN,Trade union density rate (%),2011,13.73
Senegal,SN,Trade union density rate (%),2010,13.57
Singapore,SG,Trade union density rate (%),2019,22.18
Singapore,SG,Trade union density rate (%),2018,21.94
Singapore,SG,Trade union density rate (%),2017,22.16
Singapore,SG,Trade union density rate (%),2016,21.8
Singapore,SG,Trade union density rate (%),2015,21.21
Singapore,SG,Trade union density rate (%),2014,20.84
Singapore,SG,Trade union density rate (%),2013,20.41
Singapore,SG,Trade union density rate (%),2012,19.35
Singapore,SG,Trade union density rate (%),2011,18.91
Singapore,SG,Trade union density rate (%),2010,18.03
Singapore,SG,Trade union density rate (%),2009,18.11133333
Singapore,SG,Trade union density rate (%),2008,17.64375758
Singapore,SG,Trade union density rate (%),2007,17.17618182
Singapore,SG,Trade union density rate (%),2006,16.70860606
Singapore,SG,Trade union density rate (%),2005,16.2410303
Singapore,SG,Trade union density rate (%),2004,15.77345455
Singapore,SG,Trade union density rate (%),2003,15.30587879
Singapore,SG,Trade union density rate (%),2002,14.83830303
Singapore,SG,Trade union density rate (%),2001,14.37072727
Singapore,SG,Trade union density rate (%),2000,13.90315152
Singapore,SG,Trade union density rate (%),1999,13.43557576
Singapore,SG,Trade union density rate (%),1998,12.968
Singapore,SG,Trade union density rate (%),1997,12.50042424
Singapore,SG,Trade union density rate (%),1996,12.03284848
Singapore,SG,Trade union density rate (%),1995,11.56527273
Singapore,SG,Trade union density rate (%),1994,11.09769697
Singapore,SG,Trade union density rate (%),1993,10.63012121
Singapore,SG,Trade union density rate (%),1992,10.16254545
Singapore,SG,Trade union density rate (%),1991,9.694969697
Singapore,SG,Trade union density rate (%),1990,9.227393939
Sierra Leone,SL,Trade union density rate (%),2014,23.7
El Salvador,SV,Trade union density rate (%),2018,8.73
El Salvador,SV,Trade union density rate (%),2017,10.82
El Salvador,SV,Trade union density rate (%),2016,17.4
El Salvador,SV,Trade union density rate (%),2015,12.92
El Salvador,SV,Trade union density rate (%),2014,12.53
El Salvador,SV,Trade union density rate (%),2013,15.97
El Salvador,SV,Trade union density rate (%),2012,9.84
El Salvador,SV,Trade union density rate (%),2011,14.07
El Salvador,SV,Trade union density rate (%),2010,15.16
Somalia,SO,Trade union density rate (%),2019,11.8
Serbia,RS,Trade union density rate (%),2010,33.28
Slovakia,SK,Trade union density rate (%),2019,11.08
Slovakia,SK,Trade union density rate (%),2018,11.11
Slovakia,SK,Trade union density rate (%),2017,11.41
Slovakia,SK,Trade union density rate (%),2016,11.78
Slovakia,SK,Trade union density rate (%),2015,10.94
Slovakia,SK,Trade union density rate (%),2014,12.16
Slovakia,SK,Trade union density rate (%),2013,13.29
Slovakia,SK,Trade union density rate (%),2012,13.59
Slovakia,SK,Trade union density rate (%),2011,14.07
Slovakia,SK,Trade union density rate (%),2010,15.22
Slovenia,SI,Trade union density rate (%),2016,26.9
Slovenia,SI,Trade union density rate (%),2015,25.1
Slovenia,SI,Trade union density rate (%),2014,28
Slovenia,SI,Trade union density rate (%),2013,26.5
Sweden,SE,Trade union density rate (%),2019,65.21
Sweden,SE,Trade union density rate (%),2018,60.07
Sweden,SE,Trade union density rate (%),2017,60.78
Sweden,SE,Trade union density rate (%),2016,61.71
Sweden,SE,Trade union density rate (%),2015,62.22
Sweden,SE,Trade union density rate (%),2014,61.77
Sweden,SE,Trade union density rate (%),2013,61.98
Sweden,SE,Trade union density rate (%),2012,62.38
Sweden,SE,Trade union density rate (%),2011,62.25
Sweden,SE,Trade union density rate (%),2010,63.5
Sweden,SE,Trade union density rate (%),2009,62.46133333
Sweden,SE,Trade union density rate (%),2008,62.51121212
Sweden,SE,Trade union density rate (%),2007,62.56109091
Sweden,SE,Trade union density rate (%),2006,62.6109697
Sweden,SE,Trade union density rate (%),2005,62.66084848
Sweden,SE,Trade union density rate (%),2004,62.71072727
Sweden,SE,Trade union density rate (%),2003,62.76060606
Sweden,SE,Trade union density rate (%),2002,62.81048485
Sweden,SE,Trade union density rate (%),2001,62.86036364
Sweden,SE,Trade union density rate (%),2000,62.91024242
Eswatini,,Trade union density rate (%),2016,23.88
Seychelles,SC,Trade union density rate (%),2011,2.04
Togo,TG,Trade union density rate (%),2019,23.81
Togo,TG,Trade union density rate (%),2018,23.8
Togo,TG,Trade union density rate (%),2017,24.17
Togo,TG,Trade union density rate (%),2016,28.66
Thailand,TH,Trade union density rate (%),2019,3.32
Thailand,TH,Trade union density rate (%),2018,3.36
Thailand,TH,Trade union density rate (%),2017,3.32
Thailand,TH,Trade union density rate (%),2016,3.38
Thailand,TH,Trade union density rate (%),2015,3.46
Thailand,TH,Trade union density rate (%),2014,3.42
Thailand,TH,Trade union density rate (%),2013,3.462666667
Thailand,TH,Trade union density rate (%),2012,3.46
Thailand,TH,Trade union density rate (%),2011,3.36
Thailand,TH,Trade union density rate (%),2010,3.14
Thailand,TH,Trade union density rate (%),2009,3.344533333
Thailand,TH,Trade union density rate (%),2008,3.340218182
Thailand,TH,Trade union density rate (%),2007,3.33590303
Thailand,TH,Trade union density rate (%),2006,3.331587879
Thailand,TH,Trade union density rate (%),2005,3.327272727
Thailand,TH,Trade union density rate (%),2004,3.322957576
Thailand,TH,Trade union density rate (%),2003,3.318642424
Thailand,TH,Trade union density rate (%),2002,3.314327273
Thailand,TH,Trade union density rate (%),2001,3.310012121
Trinidad and Tobago,TT,Trade union density rate (%),2013,19.8
Trinidad and Tobago,TT,Trade union density rate (%),2010,21
Tunisia,TN,Trade union density rate (%),2019,38.11
Tunisia,TN,Trade union density rate (%),2018,36.59
Tunisia,TN,Trade union density rate (%),2017,36.85
Tunisia,TN,Trade union density rate (%),2016,27.22
Tunisia,TN,Trade union density rate (%),2011,20.38
Turkey,TR,Trade union density rate (%),2019,9.85
Turkey,TR,Trade union density rate (%),2018,9.22
Turkey,TR,Trade union density rate (%),2017,8.56
Turkey,TR,Trade union density rate (%),2016,8.16
Turkey,TR,Trade union density rate (%),2015,8
Turkey,TR,Trade union density rate (%),2014,6.94
Turkey,TR,Trade union density rate (%),2013,6.31
Turkey,TR,Trade union density rate (%),2012,5.9
Turkey,TR,Trade union density rate (%),2011,5.337857143
Turkey,TR,Trade union density rate (%),2010,4.775714286
Turkey,TR,Trade union density rate (%),2009,4.213571429
Turkey,TR,Trade union density rate (%),2008,3.651428571
Turkey,TR,Trade union density rate (%),2007,3.089285714
Turkey,TR,Trade union density rate (%),2006,2.527142857
Turkey,TR,Trade union density rate (%),2005,1.965
Turkey,TR,Trade union density rate (%),2004,1.402857143
Turkey,TR,Trade union density rate (%),2003,0.8407142857
Taiwan,TW,Trade union density rate (%),2017,32.23
Taiwan,TW,Trade union density rate (%),2016,32.8
Taiwan,TW,Trade union density rate (%),2015,33.37
Taiwan,TW,Trade union density rate (%),2014,33.94
Taiwan,TW,Trade union density rate (%),2013,34.51
Taiwan,TW,Trade union density rate (%),2012,35.08
Taiwan,TW,Trade union density rate (%),2011,35.65
Taiwan,TW,Trade union density rate (%),2010,36.22
Taiwan,TW,Trade union density rate (%),2009,36.79
Taiwan,TW,Trade union density rate (%),2008,37.36
Taiwan,TW,Trade union density rate (%),2007,37.93
Taiwan,TW,Trade union density rate (%),2006,38.5
Taiwan,TW,Trade union density rate (%),2005,39.07
Taiwan,TW,Trade union density rate (%),2004,39.64
Taiwan,TW,Trade union density rate (%),2003,40.21
Taiwan,TW,Trade union density rate (%),2002,40.78
Taiwan,TW,Trade union density rate (%),2001,41.35
Taiwan,TW,Trade union density rate (%),2000,41.92
Taiwan,TW,Trade union density rate (%),1999,42.49
Taiwan,TW,Trade union density rate (%),1998,43.06
Taiwan,TW,Trade union density rate (%),1997,43.63
Taiwan,TW,Trade union density rate (%),1996,44.2
Taiwan,TW,Trade union density rate (%),1995,44.77
Taiwan,TW,Trade union density rate (%),1994,45.34
Taiwan,TW,Trade union density rate (%),1993,45.91
Taiwan,TW,Trade union density rate (%),1992,46.48
"Tanzania, United Republic of",TZ,Trade union density rate (%),2015,24.3
"Tanzania, United Republic of",TZ,Trade union density rate (%),2014,25.3
"Tanzania, United Republic of",TZ,Trade union density rate (%),2013,27.5
"Tanzania, United Republic of",TZ,Trade union density rate (%),2012,31.5
"Tanzania, United Republic of",TZ,Trade union density rate (%),2011,34.1
"Tanzania, United Republic of",TZ,Trade union density rate (%),2010,35.4
Uganda,UG,Trade union density rate (%),2017,10.26
Uganda,UG,Trade union density rate (%),2012,10.71
Ukraine,UA,Trade union density rate (%),2019,36.64
Ukraine,UA,Trade union density rate (%),2018,38.8
Ukraine,UA,Trade union density rate (%),2017,39.1
Ukraine,UA,Trade union density rate (%),2016,41.2
Ukraine,UA,Trade union density rate (%),2015,43.8
Ukraine,UA,Trade union density rate (%),2014,46.8
Ukraine,UA,Trade union density rate (%),2013,48.15
Ukraine,UA,Trade union density rate (%),2012,54.67
Ukraine,UA,Trade union density rate (%),2011,55.29
Ukraine,UA,Trade union density rate (%),2010,56.5
Ukraine,UA,Trade union density rate (%),2009,59.29066667
Ukraine,UA,Trade union density rate (%),2008,61.68987879
Ukraine,UA,Trade union density rate (%),2007,64.08909091
Ukraine,UA,Trade union density rate (%),2006,66.48830303
Ukraine,UA,Trade union density rate (%),2005,68.88751515
Ukraine,UA,Trade union density rate (%),2004,71.28672727
Ukraine,UA,Trade union density rate (%),2003,73.68593939
Ukraine,UA,Trade union density rate (%),2002,76.08515152
Uruguay,UY,Trade union density rate (%),2013,30.1
Uruguay,UY,Trade union density rate (%),2012,29.2
Uruguay,UY,Trade union density rate (%),2011,28.1
Uruguay,UY,Trade union density rate (%),2010,28.79
United States,US,Trade union density rate (%),2020,10.29
United States,US,Trade union density rate (%),2019,9.85
United States,US,Trade union density rate (%),2018,10.1
United States,US,Trade union density rate (%),2017,10.31
United States,US,Trade union density rate (%),2016,10.27
United States,US,Trade union density rate (%),2015,10.63
United States,US,Trade union density rate (%),2014,10.65
United States,US,Trade union density rate (%),2013,10.81
United States,US,Trade union density rate (%),2012,10.81
United States,US,Trade union density rate (%),2011,11.33
United States,US,Trade union density rate (%),2010,11.38
United States,US,Trade union density rate (%),2009,11.39618182
United States,US,Trade union density rate (%),2008,11.53145455
United States,US,Trade union density rate (%),2007,11.66672727
United States,US,Trade union density rate (%),2006,11.802
United States,US,Trade union density rate (%),2005,11.93727273
United States,US,Trade union density rate (%),2004,12.07254545
United States,US,Trade union density rate (%),2003,12.20781818
United States,US,Trade union density rate (%),2002,12.34309091
United States,US,Trade union density rate (%),2001,12.47836364
United States,US,Trade union density rate (%),2000,12.61363636
United States,US,Trade union density rate (%),1999,12.74890909
United States,US,Trade union density rate (%),1998,12.88418182
United States,US,Trade union density rate (%),1997,13.01945455
United States,US,Trade union density rate (%),1996,13.15472727
United States,US,Trade union density rate (%),1995,13.29
United States,US,Trade union density rate (%),1994,13.42527273
United States,US,Trade union density rate (%),1993,13.56054545
United States,US,Trade union density rate (%),1992,13.69581818
Saint Vincent and the Grenadines,VC,Trade union density rate (%),2010,4.9
"Venezuela, Bolivarian Republic of",VE,Trade union density rate (%),2012,0.2
"Venezuela, Bolivarian Republic of",VE,Trade union density rate (%),2011,0.2
Vietnam,VN,Trade union density rate (%),2018,49.61
Vietnam,VN,Trade union density rate (%),2017,43
Vietnam,VN,Trade union density rate (%),2016,36.39
Vietnam,VN,Trade union density rate (%),2015,29.78
Vietnam,VN,Trade union density rate (%),2014,15
Vietnam,VN,Trade union density rate (%),2013,14.56
Vietnam,VN,Trade union density rate (%),2012,13.96
Vietnam,VN,Trade union density rate (%),2011,13.46666667
Vietnam,VN,Trade union density rate (%),2010,12.94666667
Vietnam,VN,Trade union density rate (%),2009,12.42666667
Vietnam,VN,Trade union density rate (%),2008,11.90666667
Vietnam,VN,Trade union density rate (%),2007,11.38666667
Vietnam,VN,Trade union density rate (%),2006,10.86666667
Vietnam,VN,Trade union density rate (%),2005,10.34666667
Samoa,WS,Trade union density rate (%),2014,11.82
Samoa,WS,Trade union density rate (%),2012,11.76
Samoa,WS,Trade union density rate (%),2013,11.82
South Africa,ZA,Trade union density rate (%),2019,29.06
South Africa,ZA,Trade union density rate (%),2018,29.32
South Africa,ZA,Trade union density rate (%),2017,28.74
South Africa,ZA,Trade union density rate (%),2016,27.97
South Africa,ZA,Trade union density rate (%),2015,27.27
South Africa,ZA,Trade union density rate (%),2014,28.87
South Africa,ZA,Trade union density rate (%),2013,28.61
South Africa,ZA,Trade union density rate (%),2012,29.64
South Africa,ZA,Trade union density rate (%),2011,29.2
South Africa,ZA,Trade union density rate (%),2010,29.87
Zambia,ZM,Trade union density rate (%),2019,23.92
Zambia,ZM,Trade union density rate (%),2018,25.39
Zambia,ZM,Trade union density rate (%),2017,24.61
Zambia,ZM,Trade union density rate (%),2014,28.96
Zambia,ZM,Trade union density rate (%),2012,26.7
Zimbabwe,ZW,Trade union density rate (%),2014,15.14
Zimbabwe,ZW,Trade union density rate (%),2017,17.76
Zimbabwe,ZW,Trade union density rate (%),2010,7.5